institution_name,description,treatment_profile,address,latitude,longitude,transport_accessibility,min_daily_price,max_daily_price,procedures,excursions,season,limited_mobility_access,rating
Санаторий «Борок»,"Крупнейший кардиологический санаторий на берегу Оки, с собственным парком и лечебной базой. 4 этажа, лифты, столовая диетического питания.",Сердечно-сосудистые заболевания,"посёлок Борок, Жуковский район, Калужская область",54.720000,36.610000,4,3200.00,8900.00,"ЭКГ, холтер, УЗИ сердца, лечебная физкультура, кардиомассаж, кислородные коктейли, барокамера, диетическое питание №10, минеральные ванны.","Прогулка по набережной Оки, поездка в заповедник «Калужские засеки», экскурсия в усадьбу Поленово, рыбалка на Оке, утренняя зарядка в парке.",круглый год,1,4
Санаторий «Борок»,"Крупнейший кардиологический санаторий на берегу Оки, с собственным парком и лечебной базой. 4 этажа, лифты, столовая диетического питания.",Сердечно-сосудистые заболевания,"посёлок Борок, Жуковский район, Калужская область (корпус 2)",54.721000,36.612000,3,2800.00,7200.00,"ЛФК, массаж шейно-воротниковой зоны, ножные ванны, электросон, ингаляции, диетическое питание.","Пешая прогулка по парку санатория, посещение памятника природы «Сосна-старожил», рыбалка.",круглый год,1,3
Санаторий «Угловское»,Многопрофильный санаторий в хвойном лесу на берегу водохранилища. Отличная инфраструктура для семей с детьми.,Заболевания опорно-двигательного аппарата,"село Угловское, Перемышльский район, Калужская область",54.320000,36.200000,4,2900.00,7800.00,"Грязелечение (торфяные грязи), массаж спины и суставов, подводный душ-массаж, электрофорез, ЛФК в бассейне, мануальная терапия, иглоукалывание, парафиновые аппликации.","Экскурсия в Калугу (музей космонавтики, дом Чистякова), катание на катере по водохранилищу, пешие маршруты по лесу, сбор грибов и ягод, верховая езда в конюшне в 5 км.",круглый год,1,4
Санаторий «Угловское»,Многопрофильный санаторий в хвойном лесу на берегу водохранилища. Отличная инфраструктура для семей с детьми.,Заболевания опорно-двигательного аппарата,"село Угловское, Перемышльский район, Калужская область (домик в лесу)",54.318000,36.204000,2,4500.00,11200.00,"Индивидуальный курс: ежедневный массаж, грязевые ванны, бассейн 3 раза в день, персональный врач, сауна с бассейном.","Прогулки на лошадях, экскурсия в Оптину пустынь, рыбалка с гидом, СПА-программа «Антистресс».",круглый год,0,5
Санаторий «Воробьёво»,"Санаторий на берегу Протвы, специализируется на лечении органов дыхания и ЛОР-заболеваний. Большая территория с парком и собственным пляжем.",Заболевания органов дыхания и ЛОР,"посёлок Воробьёво, Малоярославецкий район, Калужская область",55.010000,36.480000,5,2600.00,6400.00,"Соляная комната, ингаляции с минеральной водой, промывание носа, электрофорез на гайморовы пазухи, УФО, лечебный массаж грудной клетки, фиточаи, дыхательная гимнастика по Стрельниковой.","Экскурсия в Малоярославец (Бородинский музей), поездка на Свято-Троицкий монастырь в Скопин, пляжный отдых, катамараны, велопрогулки по окрестностям.",круглый год,1,4
Санаторий «Лесное»,"Бюджетный санаторий среди смешанного леса, идеально для спокойного отдыха и лечения желудочно-кишечного тракта. Собственная скважина с минеральной водой.",Заболевания желудочно-кишечного тракта,"село Знаменка, Боровский район, Калужская область",55.200000,36.890000,3,1800.00,4200.00,"Минеральная вода «Лесная» (питьё по схеме), тюбиж с сернокислой магнезией, озокеритотерапия, массаж живота, ультразвук на печень, диетическое питание №5, фитосборы.","Экскурсия в Боровск (музей Циолковского, старый город), экскурсия в Верею, прогулка по экологической тропе, посещение мини-фермы с овечьим сыром, банька по выходным.",круглый год,0,3
Санаторий «Ока»,"Современный санаторий с 300 коек, собственной диагностикой. 4 звезды по гостеприимству. Лечит заболевания нервной системы и опорно-двигательного аппарата.",Заболевания нервной системы,"посёлок Сенеж, Ферзиковский район, Калужская область",54.820000,36.730000,5,4800.00,14500.00,"Диагностика: МРТ, УЗИ, ЭЭГ. Лечение: транскраниальная магнитная стимуляция, иглоукалывание, массаж воротниковой зоны и головы, электросон, ароматерапия, расслабляющий душ Шарко, йога-терапия.","Экскурсия в Оптину пустынь с экскурсоводом, экскурсия в Серпухов (Владычный монастырь, музей хлеба), СПА-программы в отеле, конные прогулки, йога на берегу Оки утром.",круглый год,1,4
Санаторий «Ока»,"Современный санаторий с 300 коек, собственной диагностикой. 4 звезды по гостеприимству. Лечит заболевания нервной системы и опорно-двигательного аппарата.",Заболевания нервной системы,"посёлок Сенеж, Ферзиковский район, Калужская область (VIP-корпус)",54.822000,36.731000,4,8900.00,22500.00,"Premium-курс: диагностика «Здоровая нервная система», ежедневные 2 часовых массажей, лимфодренаж, иглоукалывание 3 раза в неделю, персональный невролог, кабинет криотерапии.","Экскурсия в Оптину пустынь с архидиаконом, круиз по Оке на теплоходе до Калуги, СПА-капсула, ужин в ресторане авторской кухни, мастер-класс по китайской чайной церемонии.",круглый год,1,5
Санаторий «Сосна»,Небольшой семейный пансионат в сосновом бору на берегу озера. Идеально для аллергиков и людей с проблемами дыхания.,Аллергология и иммунология,"деревня Сосновка, Думиничский район, Калужская область",53.930000,35.990000,3,2200.00,5700.00,"Солевая пещера, спелеотерапия курсом по 14 дней, АУФОК, гипоаллергенная диета, дыхательная гимнастика, фитосборы на травах местного сбора, бани с берёзовым веником 1 раз в 3 дня.","Экскурсия на родник «Серебряный» с забором воды, пешеходный маршрут «Тропа здоровья» 5 км, рыбалка на озере Сосновое (карась, щука), сбор малины и черники в сезон, катание на байдарках.",круглый год,0,3
Санаторий «Поленовское»,Санаторий на базе бывшего имения Поленова. Лечит кожные заболевания. Рядом живописный лес и Ока. Отличная территория для прогулок.,Заболевания кожные и венерические,"посёлок Бехово, Тарусский район, Калужская область",54.680000,37.110000,4,3500.00,9200.00,"Сероводородные ванны, ПУВА-терапия, плазмаферез, криодеструкция, маски на основе трав, ультрафиолетовые облучения, диета без аллергенов, мезотерапия кожи головы.","Обзорная экскурсия по Государственному мемориальному художественному музею-заповеднику В.Д. Поленова, прогулка на лодке по Оке, экскурсия в Тарусу (музей Цветаевой), посещение художественной мастерской.",круглый год,1,4
Санаторий «Калуга-курорт»,"Городской санаторий в Калуге, рядом с парком. Комплексная диагностика и лечение. Легко добраться общественным транспортом.",Многопрофильное лечение (общее восстановление),"улица Кирова, 112, город Калуга, Калужская область",54.520000,36.270000,5,2900.00,7400.00,"Общий анализ крови и мочи, УЗИ органов брюшной полости, ЭКГ, консультации терапевта, невролога, кардиолога, ортопеда. Лечебная физкультура, общий массаж, физиотерапевтические процедуры по показаниям.","Экскурсия в Государственный музей истории космонавтики имени К.Э. Циолковского, экскурсия по старому городу (Дом Гостево, Дом Салтыкова-Щедрина), прогулка по парку культуры и отдыха им. Кирова, посещение планетария.",круглый год,1,4
Санаторий «Калуга-курорт»,"Городской санаторий в Калуге, рядом с парком. Комплексная диагностика и лечение. Легко добраться общественным транспортом.",Многопрофильное лечение (общее восстановление),"улица Степана Разина, 28, город Калуга, Калужская область",54.500000,36.250000,4,2400.00,5800.00,"УЗИ щитовидной железы, холтер-мониторирование, суточный монитор АД, массаж пояснично-крестцового отдела, лечебная физкультура для спины, реабилитация после ОРВИ.","Экскурсия в музей игрушки, прогулка по набережной Оки, посещение Свято-Троицкого собора, концертная программа по вечерам.",круглый год,1,3
Пансионат «Луговой»,"Небольшой пансионат семейного типа на 24 места. Тихий, уютный. Специализируется на реабилитации после инсультов и травм.",Неврология и реабилитация,"село Луговое, Сухиничский район, Калужская область",53.980000,36.400000,2,2100.00,5100.00,"Реабилитация после инсульта: логопед, ЛФК с инструктором, массаж, механотерапия, вертикализатор, эрготерапия. Диетическое питание. Персональный сиделка по запросу.","Прогулки на свежем воздухе по территории, просмотры художественных фильмов в кинозале, творческие мастер-классы для пациентов, настольные игры, выезд на пикник в лес по воскресеньям.",круглый год,1,4
Санаторий «Родник»,"Санаторий со скважиной минеральной воды (сульфидно-гидрокарбонатная). Лечит почки, мочеполовую систему и ЖКТ. Есть бассейн.",Заболевания почек и мочевыделительной системы,"посёлок Первомайский, Медынский район, Калужская область",54.930000,35.880000,4,3100.00,7900.00,"Питье минеральной воды по схеме (3 раза в день), промывание желудка по Лассалю, гидроколонотерапия, микроклизмы с травяными отварами, УЗИ почек и мочевого пузыря, ультразвук на почки, кислородные коктейли, бассейн с минеральной водой.","Экскурсия в Медынь (музей старой аптеки, краеведческий музей), дегустация минеральной воды с экскурсоводом скважины, прогулка по экологической тропе «Родник здоровья», баня на дровах с берёзовым веником, рыбалка на реке Медынке.",круглый год,1,4
Пансионат «Зелёный мыс»,"Пансионат на мысу у Оки. Отличная рыбалка, тихий уголок для тех, кто устал от города. Есть небольшая лечебная база для профилактики.",Общее оздоровление и профилактика,"посёлок Зелёный мыс, Хвастовичский район, Калужская область",54.390000,36.950000,2,1900.00,4300.00,"Общий массаж 10 сеансов, фитобочка, аромаванны, углекислые ванны, лечебная физкультура на свежем воздухе, УФО, витаминотерапия, кислородные коктейли.","Рыбалка на Оке (сом, щука, окунь) с лодкой, прогулка на моторной лодке до устья реки, сбор грибов белых и подосиновиков в августе-сентябре, вечерние посиделки у костра с гитарой, экскурсия в Хвасточи (церковь Казанской иконы Божией Матери).",лето,0,3
Детский санаторий «Солнышко»,Санаторий для детей 7–14 лет с заболеваниями лёгких и бронхиальной астмы. Работает круглогодично. Педагоги и вожатые.,Детская пульмонология,"посёлок Солнечный, Бабынинский район, Калужская область",54.600000,35.800000,4,1700.00,3900.00,"Соляная комната 2 раза в день, ингаляции, горчичники, банки, лечебная физкультура, дыхательная гимнастика, кислородный коктейль, фиточай из ромашки и липы, закаливающие процедуры, иглорефлексотерапия.","Квесты по территории санатория, дискотеки для детей, кружки рисования и бисероплетения, экскурсия в Бабынино (пожарная часть, краеведческий музей), спортивные игры на свежем воздухе, кинотеатр под открытым небом.",круглый год,1,4
Санаторий «Старый Оскол»,Санаторий специализируется на лечении сахарного диабета и нарушений обмена веществ. Собственная лаборатория и эндокринолог 24/7.,"Эндокринология, сахарный диабет","улица Ленина, 77, посёлок Лев Толстой, Дзержинский район, Калужская область",54.450000,35.870000,4,2800.00,6700.00,"Суточное мониторирование глюкозы, подбор диеты и инсулинотерапии совместно с эндокринологом, ЛФК для диабетиков (скандинавская ходьба), массаж нижних конечностей, ванны для ног, ультразвук на поджелудочную железу, вихревой массаж стоп.","Лечебная скандинавская ходьба по 5 км ежедневно с инструктором, лекции для диабетиков «Жизнь с диабетом», экскурсия в Ясную Поляну (усадьба Л.Н. Толстого), мастер-класс по лечебному питанию, настольный теннис и бильярд.",круглый год,1,4
Санаторий «Жемчужина Калужской области»,Курорт премиум-класса на 150 мест с собственным гольф-полем и конюшней. Комплексные антистресс-программы.,Антистресс и восстановление после эмоционального выгорания,"деревня Красное, Износковский район, Калужская область",54.130000,36.010000,5,8900.00,27500.00,"Антистресс-программа 7 дней: ежедневный расслабляющий массаж всего тела 60 мин, соляная пещера, аромасауна с джакузи, йога-терапия, медитации, плаванье в бассейне с противотоком, консультация психолога 2 раза, ВЛД по Шаталовой, витаминные капельницы.","Гольф 9 лунок, верховая езда с тренером по скачкам, экскурсия в Износки (Церковь Рождества Богородицы), рыбалка на платном пруду с сомом, ужин в ресторане с живой джазовой музыкой по пятницам, мастер-классы по винам.",круглый год,1,5
Санаторий «Жемчужина Калужской области»,Курорт премиум-класса на 150 мест с собственным гольф-полем и конюшней. Комплексные антистресс-программы.,Антистресс и восстановление после эмоционального выгорания,"деревня Красное, Износковский район, Калужская область (отдельные коттеджи)",54.132000,36.007000,3,14500.00,41000.00,"VIP-программа Detox 10 дней: персональный диетолог, 3 приёма пищи органик без глютена и сахара, ежедневный СПА-ритуал (массаж тайский + обёртывание морскими водорослями), флоат-капсула, кислородный бар, плазмаферез 2 раза, иглоукалывание, криосауна.","Массаж стоун-терапия, СПА для двоих в коттедже, вертолётная прогулка над Калужской областью по запросу, ужин при свечах на берегу, частный гид по заповеднику «Калужские засеки».",круглый год,1,5
Санаторий «Здравница»,Старинная здравница на базе старого дворянского имения XIX века. Лечит женские бесплодие и хронические воспалительные заболевания.,Гинекология и женское здоровье,"село Береговое, Перемышльский район, Калужская область",54.300000,36.140000,3,3400.00,8500.00,"Восстановительное лечение после операций: электрофорез с лекарствами, вибромассаж малого таза, грязевые тампоны, парафиновые аппликации на низ живота, УЗИ гинекологическое, консультация гинеколога-эндокринолога, ЛФК для мышц таза, фитогормоны на основе боровой матки и красной щётки.","Экскурсия в Перемышль (Успенский собор XVI века, городище), прогулка по парку имения с вековыми дубами, чай в усадебном доме с самоваром и пирогами с яблоками, мастер-класс по вышивке гладью у местных мастериц, конная прогулка в экипаже.",круглый год,0,4
Пансионат «Грибная поляна»,"Пансионат прямо в смешанном лесу. Идеально для любителей грибов, ягод и тихого отдыха. Небольшая лечебная база для профилактики. Сауна с бассейном.","Общее оздоровление, пеший туризм","деревня Грибная, Юхновский район, Калужская область",54.570000,35.970000,2,2000.00,4600.00,"Профилактический массаж спины, фитобаня с эвкалиптовым веником, сауна с бассейном 5 раз в неделю, кислородный коктейль, скандинавская ходьба с палками, ЛФК для спины, витаминотерапия.","Грибная охота с гидом-микологом по выходным (борики, подосиновики, белые), сбор малины и черники в июле-августе, пеший маршрут по живописным урочищам 12 км, рыбалка на речке Юхновке, вечерние посиделки у костра с шашлычками, экскурсия в Юхнов (музей partisan).",лето,0,3
Санаторий «Дубрава»,"Крупный санаторий в дубовой роще, 3 корпуса. Профиль: урология, мужское здоровье, простатит. Современное оборудование.","Урология, мужское здоровье","посёлок Дубки, Мещовский район, Калужская область",54.200000,36.330000,4,3600.00,9100.00,"ТРУЗИ предстательной железы, анализ на ПСА, УЗИ мошонки, массаж предстательной железы 10 сеансов, электрофорез с простатиленом, лазеротерапия, магнитотерапия, ванны с морской солью, ЛФК для мышц тазового дна по Кегелю, консультация андролога.","Экскурсия в Мещовск (Кремль Мещовский, собор Казанской иконы), мастер-класс «Мужское здоровье» с андрологом, настольный теннис, бильярд, русская баня на дровах с дубовым веником, рыбалка на реке Ресса.",круглый год,1,4
Пансионат «Белые ночи»,"Пансионат эконом-класса с базовым лечением. Чистые номера, сытная еда. Подходит для недорогого отдыха на природе с семьёй.","Общее оздоровление, отдых с детьми","село Светлое, Людиновский район, Калужская область",53.870000,36.680000,3,1500.00,3400.00,"Общий массаж 5 сеансов на неделю, лечебная физкультура, сауна 2 раза в неделю, кислородный коктейль, ультразвук по показаниям, электросон, отвары из трав местного сбора.","Детская площадка с горками, батутом и качелями, дискотека для подростков, экскурсия в Людинов (паровозный завод-музей, музей техники), пикники на берегу озера с шашлыками, рыбалка на озере Светлое, прокат велосипедов по 50 руб/час.",лето,0,2
Санаторий «Медвежья гора»,Пансионат на горе с панорамным видом на долину реки. Хорошая база для лечения гипертонии и сердечных заболеваний в лёгкой форме.,"Кардиология, гипертония лёгкой степени","посёлок Горы, Козельский район, Калужская область",54.100000,35.780000,3,2700.00,6200.00,"Суточное мониторирование артериального давления, ЭКГ в покое и с нагрузкой, УЗИ сердца, дыхательные упражнения, ЛФК кардиологического профиля, углекислые ванны, хвойные ванны, диета с низким содержанием соли, фиточай с боярышником и пустырником, психотерапевтические сессии по управлению стрессом.","Скандинавская ходьба по горным тропам 5 км, экскурсия в Козельск (Оптина пустынь — самый известный монастырь России с экскурсией по келям старцев), вечерние наблюдения за звёздами с горы (телескоп для посетителей), мастер-класс по приготовлению травяных чаёв.",круглый год,0,3
Санаторий «Ильинский берег»,Отдых на живописном берегу Оки рядом с одноимённым монастырём. Лечит заболевания суставов и остеопороз у пожилых. Свободный выход к воде.,"Ортопедия, остеопороз, заболевания суставов","село Ильинское, Тарусский район, Калужская область",54.700000,37.050000,4,3100.00,8100.00,"УЗИ тазобедренных и коленных суставов, денситометрия (диагностика остеопороза), термальные ванны с радоном, грязелечение (ильные грязи из озера), подводный душ-массаж, мануальная терапия, ЛФК в бассейне для суставов, хондропротекторы по схеме, общий массаж.","Экскурсия в Иллинский монастырь (мощи старца Амвросия Оптинского), прогулка на катере по Оке до Тарусы и обратно, рыбалка на Оке с берега, скандинавская ходьба вдоль берега, посещение бани с берёзовым веником, мастер-класс по лепке из глины.",круглый год,1,4
